Dataset,Model,InputMode,TestBLEU,TestROUGE_L,TestBERTScore_F1,BestValBLEU,BestValROUGE_L,BestValBERTScore_F1,CheckpointPath
Tashkeel_Tatweel_Preprocessed,GPT,plain_question,0.005421691496164848,0.0021627528289218175,0.6726505756378174,0.005706643752289542,0.006174268500472768,0.6722915172576904,./outputs/qa_transformer_checkpoints/best_GPT.pt
Tashkeel_Tatweel_Preprocessed,T5,plain_question,0.0004936071955147627,0.000446362148489808,0.5595118999481201,0.00030510322535369646,0.0003804451207913259,0.5588383078575134,./outputs/qa_transformer_checkpoints/best_T5.pt
Tashkeel_Tatweel_Preprocessed,QWEN,plain_question,0.006210198820417485,0.004708733199424689,0.6832616925239563,0.006426800516312508,0.0055884013327851655,0.682630181312561,./outputs/qa_transformer_checkpoints/best_QWEN.pt
